trip_duration_days,miles_traveled,total_receipts_amount,expected_output,trip_type
3,93.0,1.42,364.51,default
1,55.0,3.6,126.06,default
1,47.0,17.97,128.91,default
2,13.0,4.67,203.52,default
3,88.0,5.78,380.37,default
1,76.0,13.74,158.35,default
3,41.0,4.52,320.12,default
1,140.0,22.71,199.68,default
3,121.0,21.17,464.07,default
3,117.0,21.99,359.1,default
2,202.0,21.24,356.17,default
3,80.0,21.05,366.87,default
2,21.0,20.04,204.58,default
3,177.0,18.73,430.86,default
1,141.0,10.15,195.14,default
1,58.0,5.86,117.24,default
1,133.0,8.34,179.06,default
1,59.0,8.31,120.65,default
2,89.0,13.85,234.2,default
2,147.0,17.43,325.56,default
5,130.0,306.9,574.1,sweetspot
5,173.0,1337.9,1443.96,sweetspot
5,592.0,433.75,869.0,sweetspot
5,679.0,476.08,1030.41,sweetspot
5,708.0,1129.52,1654.62,sweetspot
5,261.0,464.94,621.12,sweetspot
5,794.0,511.0,1139.94,sweetspot
5,521.0,1448.55,1624.01,sweetspot
5,595.0,863.93,1231.67,sweetspot
5,811.0,952.39,1608.6,sweetspot
5,477.0,704.42,1045.96,sweetspot
5,730.0,485.73,991.49,sweetspot
5,262.0,1173.79,1485.59,sweetspot
5,446.0,219.98,788.62,sweetspot
5,751.0,407.43,1063.46,sweetspot
5,324.0,128.94,686.54,sweetspot
5,414.0,967.0,1368.94,sweetspot
5,367.0,290.78,742.25,sweetspot
5,764.0,848.75,1468.46,sweetspot
5,249.0,873.75,1185.24,sweetspot
8,862.0,1817.85,1719.37,mileage_heavy
11,927.0,1994.33,1779.12,mileage_heavy
9,602.0,186.69,1085.4,default
8,610.0,208.29,841.27,default
12,333.0,1103.21,1618.13,default
8,435.0,1129.65,1525.26,balanced
9,218.0,1203.45,1561.63,default
12,781.0,1159.18,1752.72,default
11,916.0,1036.91,2098.07,mileage_heavy
10,358.0,2066.62,1624.11,big_budget
12,566.0,2013.7,1752.03,big_budget
9,954.0,1483.39,2024.2,mileage_heavy
9,534.0,1929.94,1624.87,default
12,765.0,1343.97,1953.03,default
8,630.0,967.69,1388.05,balanced
10,909.0,696.0,1505.19,mileage_heavy
10,223.0,745.89,1037.45,default
8,467.0,1178.71,1483.33,balanced
9,708.0,461.07,1110.6,default
9,885.0,1764.97,1694.37,mileage_heavy
6,855.0,591.35,1339.72,mileage_heavy
2,993.0,54.24,715.19,mileage_heavy
5,685.0,747.14,1216.36,sweetspot
3,981.0,341.45,813.95,mileage_heavy
5,770.0,873.33,1502.49,sweetspot
6,697.0,651.64,1237.71,balanced
3,795.0,450.85,743.94,default
3,606.0,1184.23,1364.54,short_luxe
3,842.0,865.37,1251.14,mileage_heavy
7,748.0,241.73,971.31,default
7,624.0,148.16,905.79,default
2,713.0,740.33,1048.28,default
3,874.0,1191.4,1515.99,short_luxe
6,761.0,530.19,1120.1,balanced
1,815.0,97.89,539.36,mileage_heavy
1,601.0,497.7,644.12,default
7,817.0,1127.87,1809.91,mileage_heavy
1,606.0,923.0,1050.05,default
1,909.0,741.82,866.07,mileage_heavy
3,624.0,1160.92,1459.34,short_luxe
4,650.0,619.49,676.38,balanced
6,204.0,818.99,628.4,balanced
1,263.0,396.49,198.42,default
1,451.0,555.49,162.18,default
10,424.0,474.99,831.96,default
2,565.0,389.49,415.96,default
9,397.0,348.49,913.29,default
1,532.0,413.99,355.57,default
2,384.0,495.49,290.36,default
5,754.0,489.99,765.13,sweetspot
1,344.46,813.85,707.88,default
3,906.3,540.03,848.42,mileage_heavy
3,1007.56,187.52,764.64,mileage_heavy
1,359.62,221.15,255.57,default
1,362.79,749.19,636.51,default
1,288.72,159.26,303.94,default
2,782.17,830.72,1165.44,default
2,623.18,347.54,625.15,default
3,1061.15,388.5,693.36,mileage_heavy
1,252.75,285.5,331.74,default
3,1020.39,250.62,779.08,mileage_heavy
1,257.97,816.81,738.01,default
3,1025.03,592.55,992.4,mileage_heavy
2,794.32,402.31,671.06,default
1,276.85,485.54,361.66,default
2,851.68,473.96,650.68,mileage_heavy
3,859.12,611.07,960.47,mileage_heavy
3,1317.07,476.87,787.42,mileage_heavy
1,388.1,827.37,741.46,default
1,264.39,758.27,636.19,default
5,198.21,594.83,807.48,sweetspot
6,72.85,457.75,666.59,balanced
8,297.64,481.09,835.08,balanced
7,237.33,1262.27,1452.17,default
5,195.73,1228.49,511.23,sweetspot
8,276.28,1179.9,1522.6,balanced
8,302.24,1046.04,1353.77,balanced
8,266.87,252.08,880.41,default
9,310.69,239.64,828.16,default
6,222.08,709.07,1031.34,balanced
8,264.94,720.67,1019.85,balanced
8,161.15,1230.37,1499.24,default
9,259.96,554.74,835.54,default
9,97.85,518.56,850.57,default
9,194.34,1054.93,1374.9,default
9,332.35,374.61,830.45,default
5,126.44,696.14,845.35,sweetspot
5,66.13,848.03,1050.25,sweetspot
6,135.34,1144.13,1478.11,balanced
6,233.7,346.98,648.57,balanced
9,849.0,1007.41,1785.47,mileage_heavy
6,806.0,1760.64,1718.76,mileage_heavy
8,891.0,1194.36,2016.46,mileage_heavy
9,1182.0,1342.24,2164.15,mileage_heavy
7,1010.0,1514.03,2063.98,mileage_heavy
8,892.0,1768.53,1902.37,mileage_heavy
6,825.0,1692.73,1817.77,mileage_heavy
8,1118.0,1758.52,1852.47,mileage_heavy
8,1064.0,1756.52,1857.04,mileage_heavy
6,811.0,1252.04,1771.8,mileage_heavy
7,889.0,1417.96,1826.08,mileage_heavy
9,1012.0,1429.04,1880.76,mileage_heavy
6,909.0,1332.18,1720.21,mileage_heavy
9,1096.0,1690.22,1894.85,mileage_heavy
9,913.0,1021.29,1964.86,mileage_heavy
6,1006.0,1219.71,1803.97,mileage_heavy
6,907.0,1650.17,1737.86,mileage_heavy
9,816.0,1171.81,1780.58,mileage_heavy
7,1006.0,1181.33,2279.82,mileage_heavy
6,835.0,1404.28,1765.79,mileage_heavy
12,528.0,2476.41,1662.88,big_budget
4,69.0,2321.49,322.0,big_budget
11,1179.0,31.36,1550.55,mileage_heavy
13,756.0,954.4,1793.07,default
1,123.0,2076.65,1171.68,short_luxe
3,1162.0,2152.66,1434.71,short_luxe
1,822.0,2170.53,1374.91,short_luxe
11,558.0,1549.86,1823.47,default
2,753.0,1111.16,1353.87,short_luxe
10,224.0,407.51,794.7,default
6,383.0,462.79,800.3,balanced
8,1005.0,1391.37,1987.39,mileage_heavy
10,1145.0,311.43,1366.61,mileage_heavy
5,1004.0,2367.63,1743.85,sweetspot
5,873.0,1402.35,1676.79,sweetspot
2,165.0,1813.32,1273.45,short_luxe
5,1076.0,190.33,879.65,sweetspot
12,986.0,2390.92,1760.0,big_budget
7,948.0,657.17,1578.97,mileage_heavy
3,429.0,2400.13,1411.95,short_luxe
4,362.0,646.43,788.53,balanced
2,622.0,1871.56,1494.23,short_luxe
1,140.0,255.99,150.34,default
8,123.0,612.55,851.24,balanced
4,87.0,2463.92,1413.52,big_budget
10,164.0,1144.9,1516.43,default
1,989.0,2196.84,1439.17,short_luxe
4,470.0,1968.63,1501.1,default
1,37.0,1397.17,1092.94,short_luxe
8,488.0,439.7,1030.13,balanced
12,757.0,897.4,1780.07,default
14,958.0,1727.76,2065.16,mileage_heavy
2,456.0,2390.7,1342.39,short_luxe
5,733.0,41.18,771.83,sweetspot
5,291.0,1279.7,1477.12,sweetspot
10,478.0,2091.79,1568.41,big_budget
8,817.0,1455.73,1847.26,mileage_heavy
6,1043.0,1404.35,1807.42,mileage_heavy
2,958.0,1855.58,1549.54,short_luxe
9,524.0,474.75,935.4,default
6,45.0,81.59,522.58,default
8,342.0,2259.06,1502.02,big_budget
12,379.0,1897.29,1682.98,default
6,333.0,1254.68,1585.02,default
2,634.0,1739.81,1490.51,short_luxe
5,285.0,974.73,1282.84,sweetspot
12,33.0,1249.13,1707.38,default
9,118.0,1285.82,1539.77,default
1,420.0,2273.6,1220.35,short_luxe
11,312.0,2072.39,1586.22,big_budget
10,753.0,2054.02,1779.08,big_budget
5,125.0,96.38,570.99,sweetspot
6,597.0,888.84,1395.65,balanced
12,1065.0,203.2,1408.25,mileage_heavy
1,214.0,540.03,402.81,default
11,886.0,922.66,1852.24,mileage_heavy
10,621.0,978.73,1656.28,default
4,1000.0,2355.34,1699.56,big_budget
13,534.0,1765.96,1881.36,default
6,475.0,1800.71,1671.23,default
11,623.0,2265.21,1739.18,big_budget
1,620.0,973.91,1112.02,default
13,1004.0,1757.75,1960.67,mileage_heavy
8,962.0,1929.63,1897.19,mileage_heavy
14,516.0,1464.67,1842.1,default
11,685.0,2272.75,1873.94,big_budget
3,307.0,266.21,540.97,default
3,375.0,1346.21,1339.93,short_luxe
4,1124.0,2177.18,1567.43,big_budget
3,779.0,2110.9,1520.73,short_luxe
8,1173.0,671.25,1419.34,mileage_heavy
14,47.0,1667.14,1745.18,default
3,981.0,2008.83,1539.47,short_luxe
5,516.0,1450.67,1547.5,sweetspot
6,471.0,332.51,872.19,balanced
2,941.0,1565.77,1432.79,short_luxe
10,377.0,301.96,837.36,default
7,273.0,285.83,793.58,default
1,458.0,834.7,737.28,default
11,772.0,932.31,1575.52,default
11,36.0,1541.47,1593.24,default
12,211.0,1048.29,1579.73,default
7,987.0,2164.1,1839.67,big_budget
9,662.0,2275.59,1599.27,big_budget
12,96.0,1164.37,1553.21,default
5,569.0,1856.7,1623.81,sweetspot
12,128.0,477.17,874.99,default
4,886.0,2401.28,1698.0,big_budget
13,19.0,807.27,1331.53,default
8,275.0,2347.09,1454.47,big_budget
9,963.0,588.5,1434.42,mileage_heavy
14,1056.0,2489.69,1894.16,big_budget
5,728.0,423.16,947.72,sweetspot
4,286.0,1063.49,418.17,balanced
11,332.0,1352.48,1663.39,default
12,49.0,1118.38,1494.81,default
2,18.0,2503.46,1206.95,short_luxe
14,592.0,1268.36,1930.24,default
3,892.0,171.32,875.39,mileage_heavy
11,741.0,1872.39,1847.08,default
14,807.0,2358.41,1819.41,big_budget
5,873.0,1584.53,1796.7,sweetspot
3,1159.0,2209.44,1434.84,short_luxe
11,920.0,1338.65,1871.27,mileage_heavy
1,388.0,390.7,332.06,default
9,576.0,1059.79,1547.5,default
9,524.0,2367.12,1640.78,big_budget
10,459.0,2183.11,1559.59,big_budget
4,725.0,588.9,1097.95,balanced
1,992.0,958.87,1222.41,mileage_heavy
10,536.0,2194.42,1615.13,big_budget
11,1126.0,1593.03,2143.74,mileage_heavy
10,314.0,1098.8,1539.1,default
1,9.0,2246.28,1120.22,short_luxe
11,706.0,1508.23,2030.59,default
10,976.0,2166.02,1775.03,big_budget
5,1028.0,653.19,1313.95,sweetspot
8,1166.0,99.47,1149.07,mileage_heavy
12,882.0,1958.14,1944.88,mileage_heavy
11,448.0,732.79,1090.35,default
7,623.0,1691.39,1800.86,default
3,127.0,293.49,303.2,default
12,218.0,486.02,1005.67,default
3,1166.0,530.44,785.59,mileage_heavy
11,17.0,550.58,830.07,default
9,696.0,1749.97,1649.49,default
4,305.0,125.79,664.43,default
12,104.0,1300.05,1779.92,default
1,303.0,931.53,857.42,default
8,1012.0,2390.84,1732.12,big_budget
9,938.0,2224.29,1913.87,big_budget
3,471.0,288.19,535.67,default
5,72.0,977.67,1156.55,sweetspot
10,160.0,2272.56,1642.15,big_budget
10,965.0,1851.28,1805.77,mileage_heavy
3,266.0,2178.16,1447.95,short_luxe
12,734.0,2491.82,1792.31,big_budget
12,64.0,1641.01,1710.72,default
9,497.0,1845.08,1674.09,default
3,781.0,1801.38,1586.21,short_luxe
3,158.0,1070.74,1183.16,short_luxe
3,1096.0,200.27,802.96,mileage_heavy
11,1116.0,2067.8,1987.44,big_budget
10,831.0,39.86,982.64,mileage_heavy
14,124.0,1064.64,1761.68,default
4,10.0,1262.73,1261.41,default
5,955.0,106.86,897.78,sweetspot
7,1176.0,2489.13,1921.16,big_budget
6,803.0,465.6,1012.0,mileage_heavy
9,868.0,62.12,1022.81,mileage_heavy
1,181.0,128.05,225.12,default
3,70.0,631.88,564.16,default
8,1090.0,419.76,1189.47,mileage_heavy
14,1184.0,2269.89,1943.24,big_budget
1,735.0,1676.9,1365.21,short_luxe
2,547.0,119.09,509.52,default
11,265.0,218.66,949.34,default
10,223.0,886.32,1305.54,default
12,959.0,1947.82,1833.24,mileage_heavy
11,498.0,1578.39,1793.52,default
14,127.0,988.4,1688.9,default
3,621.0,214.08,779.66,default
6,1193.0,2241.5,1839.47,big_budget
4,448.0,2055.97,1497.46,big_budget
8,466.0,2064.63,1558.12,big_budget
12,229.0,1216.16,1696.65,default
13,658.0,559.48,1573.12,default
13,1034.0,2477.98,1842.24,big_budget
4,842.0,2464.29,1611.66,big_budget
13,837.0,1218.93,1921.68,mileage_heavy
11,927.0,1306.37,1804.68,mileage_heavy
4,1047.0,1657.68,1605.84,mileage_heavy
4,262.0,1681.28,1435.34,default
7,1126.0,1103.75,2014.72,mileage_heavy
5,781.0,672.91,1125.36,sweetspot
5,831.0,591.65,1090.31,sweetspot
7,1089.0,1026.25,2132.85,mileage_heavy
1,793.0,2171.07,1421.36,short_luxe
9,368.0,495.12,847.33,default
6,818.0,1130.38,1704.06,mileage_heavy
11,667.0,1915.95,1732.2,default
2,267.0,2116.93,1349.04,short_luxe
10,1083.0,2105.36,1844.58,big_budget
13,529.0,1767.79,2015.18,default
9,1155.0,1346.4,2248.12,mileage_heavy
7,1185.0,1768.01,2072.18,mileage_heavy
5,763.0,1420.94,1777.14,sweetspot
7,368.0,1231.69,1550.04,default
6,659.0,322.1,972.58,balanced
14,1138.0,518.18,1696.86,mileage_heavy
6,172.0,1977.78,1603.89,default
6,628.0,311.47,903.3,balanced
2,500.0,1246.48,1264.53,short_luxe
8,7.0,2075.6,1422.12,big_budget
5,942.0,2092.87,1696.72,sweetspot
12,81.0,2485.34,1589.65,big_budget
4,166.0,791.52,866.18,balanced
3,213.0,1724.85,1344.71,short_luxe
11,1004.0,167.15,1175.65,mileage_heavy
5,116.0,478.1,624.04,sweetspot
13,112.0,2299.56,1807.67,big_budget
1,43.0,2149.22,1134.47,short_luxe
2,660.0,1944.4,1531.2,short_luxe
10,888.0,298.68,1171.54,mileage_heavy
10,860.0,2380.76,1759.97,big_budget
10,1187.0,1981.09,2013.21,mileage_heavy
12,1139.0,124.65,1314.3,mileage_heavy
5,966.0,359.51,927.98,sweetspot
10,796.0,1352.08,2000.19,default
9,72.0,1281.32,1515.54,default
10,215.0,2440.91,1638.66,big_budget
7,671.0,1297.02,1703.2,default
5,230.0,333.69,538.36,sweetspot
5,467.0,1243.31,1549.82,sweetspot
13,247.0,2339.61,1705.9,big_budget
14,777.0,1248.61,1837.25,default
11,740.0,1171.99,902.09,default
6,884.0,1798.31,1897.87,mileage_heavy
5,789.0,1853.31,1792.88,sweetspot
4,825.0,874.99,784.52,mileage_heavy
2,301.0,769.23,731.28,default
12,1007.0,1353.77,1925.32,mileage_heavy
5,865.0,644.79,1202.46,sweetspot
14,81.0,1251.97,1682.62,default
8,1159.0,2175.27,1752.18,big_budget
11,496.0,373.98,1152.99,default
1,752.0,1632.35,1362.39,short_luxe
5,1014.0,1853.57,1749.31,sweetspot
9,686.0,145.66,972.95,default
5,654.0,1272.89,1724.68,sweetspot
8,621.0,2391.34,1593.12,big_budget
9,1080.0,539.51,1306.91,mileage_heavy
10,714.0,269.06,1067.81,default
10,816.0,1425.64,1872.81,mileage_heavy
14,1122.0,1766.25,2239.35,mileage_heavy
4,1202.0,1074.87,1501.24,mileage_heavy
5,651.0,1573.3,1682.08,sweetspot
14,1100.0,237.69,1265.57,mileage_heavy
14,296.0,485.68,924.9,default
1,697.0,2148.5,1421.07,short_luxe
6,1044.0,47.46,1133.45,mileage_heavy
12,398.0,2481.44,1755.18,big_budget
3,139.0,2428.89,1345.66,short_luxe
6,84.0,852.7,1109.32,balanced
2,423.0,1639.17,1367.64,short_luxe
11,815.0,2385.6,1872.44,big_budget
6,577.0,897.74,1257.31,balanced
8,200.0,1508.89,1461.33,default
9,1102.0,540.6,1455.85,mileage_heavy
12,508.0,1970.54,1770.91,default
13,1024.0,1712.85,2097.69,mileage_heavy
7,1161.0,1499.97,1862.45,mileage_heavy
2,730.0,285.24,624.78,default
13,996.0,1809.2,1956.89,mileage_heavy
5,1160.0,1901.83,1673.89,sweetspot
2,1139.0,306.43,726.14,mileage_heavy
14,191.0,2442.76,1798.47,big_budget
7,776.0,2447.82,1826.93,big_budget
14,414.0,1919.7,1918.89,default
7,847.0,1994.62,1851.7,mileage_heavy
6,924.0,1227.21,1871.76,mileage_heavy
2,933.0,1589.58,1489.99,short_luxe
1,211.0,958.08,891.9,default
10,773.0,865.92,1837.11,default
3,196.0,1211.68,1229.87,short_luxe
14,49.0,954.02,1480.87,default
5,477.0,655.24,935.38,sweetspot
5,828.0,1606.84,1690.82,sweetspot
11,458.0,1364.29,1649.04,default
3,289.0,1245.67,1279.31,short_luxe
1,1060.0,501.67,658.14,mileage_heavy
5,1085.0,2486.43,1664.83,sweetspot
4,675.0,381.48,779.68,balanced
8,415.0,1214.97,1473.75,default
6,425.0,709.75,1114.9,balanced
7,313.0,2408.02,1637.65,big_budget
13,235.0,426.07,897.26,default
7,635.0,1406.31,1630.66,default
10,1009.0,2164.22,1889.87,big_budget
3,692.0,450.7,748.57,default
2,91.0,1073.76,1013.78,short_luxe
8,1187.0,1045.91,2047.06,mileage_heavy
14,600.0,1120.05,1847.84,default
5,210.0,710.49,483.34,sweetspot
12,10.0,1203.1,1564.9,default
1,452.0,275.05,282.89,default
4,256.0,2218.74,1476.03,big_budget
8,312.0,2383.17,1557.27,big_budget
2,1175.0,816.2,1237.62,mileage_heavy
11,960.0,383.64,1248.46,mileage_heavy
6,690.0,1009.37,1559.83,balanced
14,487.0,579.29,1516.68,default
8,75.0,315.71,593.83,balanced
13,360.0,271.93,1017.64,default
11,708.0,1871.77,1916.37,default
3,182.0,347.82,384.77,default
10,683.0,2442.92,1643.68,big_budget
5,392.0,1264.6,1465.72,sweetspot
10,175.0,1443.25,1635.5,default
7,577.0,1959.13,1603.6,default
13,799.0,951.92,1793.36,default
13,608.0,370.89,1170.54,default
7,194.0,202.49,686.23,default
13,889.0,232.72,1394.38,mileage_heavy
7,901.0,136.8,1222.6,mileage_heavy
1,698.0,1525.82,1398.75,short_luxe
9,592.0,793.55,1235.69,default
14,1015.0,871.76,1846.41,mileage_heavy
9,524.0,136.46,848.89,default
5,781.0,2114.27,1789.85,sweetspot
3,200.0,58.24,494.63,default
5,503.0,2335.55,1649.42,sweetspot
11,667.0,2221.67,1872.89,big_budget
7,336.0,1843.58,1691.68,default
4,217.0,1506.46,1455.37,default
8,207.0,1146.93,1479.01,balanced
7,690.0,1807.71,1710.98,default
2,251.0,1916.43,1285.2,short_luxe
4,627.0,956.98,1337.63,balanced
1,432.0,581.71,448.34,default
4,1194.0,2250.51,1691.15,big_budget
10,64.0,455.9,774.64,default
8,15.0,377.85,657.8,balanced
11,741.0,1207.39,1878.06,default
8,638.0,1007.48,1483.06,balanced
12,965.0,1700.28,1879.09,mileage_heavy
8,1182.0,990.07,1840.75,mileage_heavy
13,1062.0,869.28,2090.54,mileage_heavy
1,754.0,1220.47,1346.14,short_luxe
14,767.0,186.47,1292.77,default
11,775.0,1752.23,1809.29,default
8,592.0,1402.98,1561.41,default
6,957.0,727.75,1448.72,mileage_heavy
9,800.0,2167.72,1726.51,big_budget
6,1198.0,222.6,1107.96,mileage_heavy
3,1092.0,1737.65,1462.01,short_luxe
12,958.0,2499.84,1791.69,big_budget
11,955.0,1282.19,2000.42,mileage_heavy
11,605.0,1880.69,1711.55,default
7,670.0,1558.02,1702.81,default
11,844.0,1962.77,1787.57,mileage_heavy
3,718.0,1158.02,1416.98,short_luxe
6,323.0,1477.23,1608.55,default
14,616.0,2374.41,1828.37,big_budget
8,752.0,1519.78,1662.92,default
1,1166.0,1423.69,1412.13,short_luxe
3,1187.0,1632.14,1451.85,short_luxe
3,1013.0,166.52,711.07,mileage_heavy
5,741.0,429.24,951.92,sweetspot
14,467.0,2176.26,1809.83,big_budget
3,224.0,358.77,406.36,default
3,712.0,512.23,751.16,default
12,218.0,901.03,1371.86,default
6,373.0,587.38,956.61,balanced
8,562.0,2479.33,1478.31,big_budget
5,132.0,2387.03,1454.05,sweetspot
3,98.0,871.46,866.05,default
14,545.0,1206.76,1977.89,default
1,869.0,1498.88,1398.94,short_luxe
2,875.0,393.25,640.56,mileage_heavy
8,888.0,2296.07,1718.71,big_budget
1,716.0,1396.41,1376.59,short_luxe
8,1025.0,1031.33,2214.64,mileage_heavy
9,1064.0,2016.76,1810.94,big_budget
4,463.0,1963.41,1607.34,default
1,678.0,1478.57,1370.31,short_luxe
1,436.0,1358.14,1154.03,short_luxe
5,586.0,2135.36,1661.61,sweetspot
1,797.0,126.8,543.18,default
14,481.0,939.99,877.17,default
7,172.0,1486.86,1557.94,default
10,1192.0,23.47,1157.87,mileage_heavy
7,981.0,658.85,1351.69,mileage_heavy
10,692.0,1671.71,1701.23,default
13,710.0,2223.86,1979.83,big_budget
12,380.0,1526.79,1787.41,default
3,133.0,1728.5,1373.4,short_luxe
4,730.0,799.25,1250.66,balanced
12,1070.0,1055.51,2030.76,mileage_heavy
8,1185.0,554.98,1545.67,mileage_heavy
11,456.0,2223.72,1600.1,big_budget
12,85.0,1056.43,1466.31,default
2,543.0,103.37,544.12,default
6,367.0,1947.68,1606.76,default
1,481.0,1792.17,1215.84,short_luxe
5,233.0,1862.04,1562.23,sweetspot
1,45.0,1070.22,922.69,short_luxe
5,152.0,2444.81,1523.75,sweetspot
7,344.0,1242.05,1514.4,default
5,320.0,1584.55,1584.73,sweetspot
9,989.0,378.12,1193.72,mileage_heavy
10,57.0,936.89,1237.07,default
12,342.0,2253.61,1659.5,big_budget
2,983.0,2109.93,1519.98,short_luxe
10,886.0,1990.03,1749.93,mileage_heavy
10,5.0,836.86,1116.56,default
3,80.0,517.54,457.49,default
8,482.0,1411.49,631.81,default
4,11.0,312.01,426.22,balanced
12,1075.0,2328.11,1798.38,big_budget
13,632.0,268.91,1396.28,default
8,323.0,46.48,703.45,default
11,527.0,1550.32,1806.06,default
5,948.0,898.6,1499.68,sweetspot
5,504.0,1502.63,1628.66,sweetspot
10,793.0,1422.29,2007.62,default
13,32.0,232.43,805.12,default
9,768.0,1815.6,1666.18,default
9,994.0,1742.62,1849.58,mileage_heavy
1,1105.0,1432.3,1387.17,short_luxe
12,178.0,507.59,907.19,default
10,472.0,431.95,924.65,default
5,716.0,1111.23,1492.08,sweetspot
3,771.0,725.67,1166.93,default
13,1054.0,1131.25,2162.03,mileage_heavy
10,872.0,2191.27,1776.62,big_budget
12,1077.0,32.55,1387.43,mileage_heavy
12,211.0,749.56,1285.23,default
4,199.0,1310.01,1400.57,default
2,1029.0,1702.6,1577.55,short_luxe
10,643.0,2263.77,1685.92,big_budget
10,797.0,1706.73,1724.42,default
12,657.0,322.5,1113.16,default
8,177.0,486.06,751.58,balanced
2,222.0,456.24,437.4,default
3,555.0,2342.76,1458.63,short_luxe
2,785.0,1964.63,1522.76,short_luxe
5,104.0,281.67,464.68,sweetspot
1,673.0,2026.16,1372.83,short_luxe
10,877.0,1711.12,1897.37,mileage_heavy
1,250.0,1300.17,1145.33,short_luxe
1,467.0,296.49,221.23,default
10,1026.0,828.82,1865.67,mileage_heavy
11,1106.0,2250.54,2050.62,big_budget
12,452.0,816.56,1243.1,default
14,865.0,2497.16,1885.87,big_budget
8,107.0,2450.89,1468.19,big_budget
8,80.0,1092.18,1365.73,balanced
8,945.0,766.98,1625.53,mileage_heavy
13,1140.0,1607.8,2214.64,mileage_heavy
2,636.0,1438.19,1435.96,short_luxe
14,865.0,1422.11,1921.18,mileage_heavy
12,482.0,1710.47,1746.74,default
2,68.0,756.61,648.53,default
14,512.0,526.84,1306.64,default
14,1001.0,1647.24,2080.0,mileage_heavy
1,547.0,573.6,616.27,default
10,5.0,1338.9,1610.25,default
3,1158.0,1107.4,1361.3,short_luxe
1,993.0,1143.58,1328.85,short_luxe
6,378.0,837.63,1215.96,balanced
11,1156.0,2231.86,1988.56,big_budget
5,1050.0,882.86,1430.04,sweetspot
8,836.0,735.52,1606.63,mileage_heavy
11,654.0,1516.42,1870.43,default
8,633.0,1308.36,1639.12,default
12,713.0,1642.01,1873.19,default
5,96.0,1105.47,1312.16,sweetspot
7,1054.0,576.47,1344.18,mileage_heavy
12,495.0,1948.13,1831.92,default
1,1068.0,2011.28,1421.45,short_luxe
7,1000.0,1620.46,1971.23,mileage_heavy
13,855.0,1798.75,1951.77,mileage_heavy
8,544.0,1279.51,1483.77,default
11,816.0,544.99,1077.12,mileage_heavy
5,1080.0,2383.82,1664.76,sweetspot
8,1124.0,1908.69,1833.27,mileage_heavy
3,29.0,1632.85,1269.1,short_luxe
6,470.0,2235.72,1628.6,big_budget
7,287.0,2293.5,1558.09,big_budget
4,72.0,1367.29,1302.97,default
6,344.0,233.31,800.18,default
8,801.0,1241.21,1780.65,mileage_heavy
5,629.0,484.34,1029.87,sweetspot
11,327.0,961.08,1356.46,default
14,94.0,105.94,1180.63,default
4,1113.0,2103.82,1695.08,big_budget
14,267.0,2090.21,1968.4,big_budget
1,979.0,1292.54,1313.53,short_luxe
10,625.0,519.94,1229.41,default
14,457.0,848.61,1492.64,default
11,398.0,723.39,1154.77,default
14,68.0,438.96,866.76,default
3,769.0,2497.93,1587.8,short_luxe
13,694.0,1054.31,1815.02,default
12,1088.0,1977.91,1883.21,mileage_heavy
9,101.0,950.23,1281.64,default
1,170.0,2452.85,1209.08,short_luxe
12,1135.0,475.95,1447.39,mileage_heavy
3,1109.0,2092.26,1436.66,short_luxe
7,753.0,358.13,1084.79,balanced
2,521.0,467.19,667.85,default
12,1003.0,983.23,1996.18,mileage_heavy
3,269.0,708.05,799.12,default
14,646.0,2418.19,1931.21,big_budget
14,1153.0,346.58,1292.93,mileage_heavy
4,18.0,289.06,380.88,default
13,1167.0,1074.36,2197.33,mileage_heavy
1,1113.0,1536.0,1403.6,short_luxe
6,930.0,1907.95,1788.75,mileage_heavy
5,714.0,617.72,1164.2,sweetspot
7,256.0,2180.53,1548.87,big_budget
9,1063.0,2497.79,1761.94,big_budget
11,512.0,2016.19,1710.53,big_budget
9,463.0,1024.53,1476.48,default
12,714.0,2003.23,1829.06,big_budget
9,1165.0,1868.79,1945.95,mileage_heavy
1,872.0,2420.07,1456.34,short_luxe
10,631.0,1220.71,1730.86,default
9,633.0,888.17,1384.78,default
4,1065.0,119.34,781.82,mileage_heavy
12,947.0,193.05,1225.63,mileage_heavy
4,159.0,568.58,647.0,balanced
1,292.0,449.83,363.02,default
1,1115.0,926.13,1192.88,mileage_heavy
7,1168.0,667.94,1639.55,mileage_heavy
4,348.0,2047.08,1507.04,big_budget
8,77.0,1930.98,1485.69,default
7,1033.0,1013.03,2119.83,mileage_heavy
4,672.0,1603.52,1612.43,default
4,1191.0,999.45,1478.93,mileage_heavy
8,392.0,661.27,978.13,balanced
7,951.0,584.4,1253.76,mileage_heavy
5,778.0,2423.47,1643.96,sweetspot
11,958.0,1999.13,1900.18,mileage_heavy
3,186.0,1068.31,1152.04,short_luxe
5,1116.0,2460.46,1711.97,sweetspot
13,63.0,107.92,710.25,default
6,170.0,476.99,600.23,balanced
3,870.0,413.23,795.8,mileage_heavy
12,852.0,1957.9,1944.89,mileage_heavy
6,420.0,386.77,929.16,balanced
6,668.0,1922.45,1796.98,default
8,795.0,1645.99,644.69,default
4,420.0,927.74,1238.04,balanced
12,1074.0,2407.71,1843.97,big_budget
12,916.0,2394.85,1740.85,big_budget
4,1075.0,586.17,1023.65,mileage_heavy
5,1143.0,1217.72,1745.09,sweetspot
2,719.0,591.44,755.3,default
4,197.0,1858.84,1416.33,default
6,248.0,395.4,710.15,balanced
10,834.0,1820.8,1883.49,mileage_heavy
1,1112.0,2011.44,1423.85,short_luxe
12,1189.0,1453.16,2162.13,mileage_heavy
14,269.0,1349.61,1832.34,default
7,671.0,1262.85,1600.42,default
9,52.0,350.58,601.81,default
14,976.0,1526.58,1995.87,mileage_heavy
2,370.0,1554.5,1311.23,short_luxe
4,1180.0,1948.55,1565.16,mileage_heavy
5,36.0,2022.94,1410.58,sweetspot
5,691.0,1030.64,1465.26,sweetspot
8,52.0,2353.5,1485.05,big_budget
11,24.0,2029.04,1569.37,big_budget
8,221.0,936.98,1287.0,balanced
1,85.0,89.83,175.53,default
7,803.0,12.75,1146.78,mileage_heavy
12,893.0,910.41,1862.13,mileage_heavy
14,113.0,1091.13,1703.02,default
5,516.0,1878.49,669.85,sweetspot
14,904.0,2005.96,1970.01,big_budget
1,1058.0,1601.04,1465.9,short_luxe
14,555.0,313.73,1201.26,default
7,738.0,730.28,1429.72,balanced
8,792.0,2437.24,1556.7,big_budget
5,831.0,432.8,901.36,sweetspot
7,709.0,320.8,1116.62,balanced
9,1078.0,161.85,1260.96,mileage_heavy
2,616.0,968.93,1163.1,default
2,570.0,2297.12,1423.86,short_luxe
9,13.0,986.41,1271.52,default
7,381.0,2106.96,1705.27,big_budget
9,460.0,2424.47,1624.68,big_budget
4,425.0,1286.54,1449.26,default
11,437.0,1053.24,1630.47,default
9,1000.0,1901.79,1778.65,mileage_heavy
1,553.0,1687.11,1295.34,short_luxe
10,5.0,1094.06,1361.08,default
12,931.0,864.21,1663.58,mileage_heavy
6,436.0,914.53,1389.11,balanced
3,1074.0,247.32,636.02,mileage_heavy
9,896.0,1398.54,1727.1,mileage_heavy
1,462.0,2047.57,1202.9,short_luxe
3,665.0,2418.16,1490.96,short_luxe
11,532.0,2419.86,1653.69,big_budget
9,483.0,52.64,949.04,default
12,296.0,326.83,981.72,default
9,131.0,1990.0,1557.2,default
6,836.0,2035.17,1718.79,big_budget
10,532.0,1223.36,1631.49,default
14,595.0,2140.61,1989.13,big_budget
7,623.0,1894.02,1739.49,default
5,1077.0,2234.35,1665.23,sweetspot
5,579.0,1018.52,1468.01,sweetspot
8,255.0,1817.19,1510.91,default
8,1009.0,1378.07,1903.76,mileage_heavy
10,87.0,498.96,781.97,default
1,809.0,1734.56,1447.25,short_luxe
9,1079.0,1981.94,1763.16,mileage_heavy
8,1134.0,1049.84,2073.13,mileage_heavy
8,403.0,654.97,895.14,balanced
8,534.0,429.88,916.02,balanced
13,564.0,2245.56,1745.09,big_budget
2,752.0,958.29,1144.41,default
11,293.0,1410.0,1673.7,default
5,919.0,470.23,1119.17,sweetspot
5,103.0,333.22,573.58,sweetspot
1,893.0,19.76,570.71,mileage_heavy
12,37.0,52.65,789.01,default
8,1142.0,776.74,1827.44,mileage_heavy
5,332.0,218.03,801.73,sweetspot
7,950.0,1739.62,2032.23,mileage_heavy
9,223.0,1916.03,1623.73,default
6,522.0,1210.87,1577.01,default
12,46.0,2077.07,1666.29,big_budget
2,252.0,1545.94,1300.19,short_luxe
14,999.0,619.42,1510.57,mileage_heavy
13,125.0,2004.61,1721.56,big_budget
9,597.0,625.99,990.84,default
3,289.0,853.79,969.85,default
7,953.0,1918.24,1833.56,mileage_heavy
4,275.0,2359.64,1483.58,big_budget
5,755.0,1584.41,1729.08,sweetspot
9,803.0,880.17,1589.75,mileage_heavy
11,293.0,285.14,966.87,default
6,164.0,1460.21,1535.3,default
12,675.0,2277.93,1807.33,big_budget
11,859.0,146.71,1267.98,mileage_heavy
2,296.0,1878.7,1354.0,short_luxe
7,300.0,2417.85,1634.04,big_budget
2,1155.0,1517.18,1543.17,short_luxe
5,765.0,480.48,1038.42,sweetspot
9,1097.0,2330.2,1728.07,big_budget
4,422.0,2049.71,1491.9,big_budget
14,1020.0,510.33,1406.95,mileage_heavy
4,205.0,545.57,682.22,balanced
12,1046.0,1850.85,1875.72,mileage_heavy
4,1001.0,739.08,1116.31,mileage_heavy
9,938.0,742.17,1632.1,mileage_heavy
5,351.0,407.74,883.11,sweetspot
9,748.0,653.42,1249.66,default
13,1186.0,2462.26,1906.35,big_budget
6,384.0,1656.04,1682.33,default
10,150.0,418.41,844.9,default
10,783.0,158.93,993.55,default
6,372.0,2494.69,1742.34,big_budget
10,958.0,1643.76,1827.18,mileage_heavy
8,34.0,1225.2,1438.52,default
7,151.0,2461.93,1516.58,big_budget
7,150.0,1379.35,1500.09,default
6,751.0,2085.98,1757.81,big_budget
7,568.0,159.12,738.92,default
12,574.0,2240.9,1785.72,big_budget
13,36.0,808.38,1190.16,default
14,595.0,1818.77,1889.9,default
7,381.0,2342.27,1705.24,big_budget
14,174.0,815.3,1295.14,default
11,226.0,2013.45,1590.82,big_budget
13,137.0,1505.66,1777.72,default
13,774.0,206.45,1110.0,default
5,1120.0,1514.91,1658.97,sweetspot
4,862.0,2335.55,1698.94,big_budget
8,829.0,1147.89,2004.34,mileage_heavy
4,380.0,446.66,764.24,balanced
9,238.0,1197.83,1560.78,default
13,1199.0,493.0,1634.13,mileage_heavy
12,710.0,1249.41,1921.09,default
14,719.0,1973.14,1980.99,default
1,482.0,1697.08,1198.24,short_luxe
9,444.0,725.31,1062.52,default
11,610.0,1990.79,1753.56,default
4,238.0,1707.28,1483.48,default
2,299.0,1612.7,1282.8,short_luxe
10,273.0,799.9,1155.05,default
3,154.0,274.04,406.91,default
7,636.0,697.02,1276.06,balanced
2,1038.0,685.07,962.14,mileage_heavy
2,798.0,2334.41,1485.4,short_luxe
12,601.0,2166.56,1918.46,big_budget
6,290.0,814.04,1077.35,balanced
8,16.0,259.02,543.56,default
8,303.0,1072.44,1453.25,balanced
11,372.0,2048.26,1632.61,big_budget
3,864.0,2338.52,1513.04,short_luxe
11,913.0,2253.41,1758.56,big_budget
14,805.0,834.06,1683.49,mileage_heavy
5,905.0,2317.31,1691.38,sweetspot
10,728.0,226.53,1060.47,default
4,842.0,893.25,1324.64,mileage_heavy
5,117.0,953.06,1116.8,sweetspot
12,307.0,957.17,1432.75,default
9,51.0,314.81,704.94,default
7,1071.0,841.11,1699.9,mileage_heavy
13,922.0,1510.22,1967.87,mileage_heavy
8,867.0,2373.39,1747.22,big_budget
11,1013.0,1483.3,1952.8,mileage_heavy
6,1148.0,1525.81,1776.48,mileage_heavy
12,158.0,2195.67,1625.46,big_budget
5,1010.0,2054.21,1810.37,sweetspot
1,682.0,1517.04,1376.04,short_luxe
5,14.0,78.33,406.7,sweetspot
6,1203.0,1900.48,1972.88,mileage_heavy
4,810.0,1852.31,1575.87,mileage_heavy
3,760.0,2073.25,1522.45,short_luxe
7,868.0,625.09,1403.48,mileage_heavy
7,205.0,103.31,683.1,default
5,387.0,1882.35,1588.8,sweetspot
11,447.0,130.07,852.02,default
9,482.0,1348.44,1633.26,default
7,15.0,2436.67,1459.63,big_budget
10,955.0,1182.33,1950.3,mileage_heavy
5,41.0,2314.68,1500.28,sweetspot
2,1189.0,1164.74,1666.52,short_luxe
2,762.0,519.74,752.69,default
10,895.0,937.46,1714.8,mileage_heavy
13,858.0,2258.01,1889.71,big_budget
11,650.0,524.8,1179.09,default
4,198.0,2106.63,1450.67,big_budget
1,791.0,1927.75,1419.88,short_luxe
14,1020.0,1201.75,2337.73,mileage_heavy
12,59.0,2247.39,1629.92,big_budget
8,626.0,545.84,1142.89,balanced
5,57.0,559.05,639.73,sweetspot
5,908.0,716.7,1375.88,sweetspot
13,8.0,78.44,713.71,default
11,684.0,672.51,1487.93,default
4,180.0,2365.46,1443.02,big_budget
13,511.0,1628.33,1915.79,default
4,231.0,20.39,499.26,default
9,1139.0,1973.31,1759.33,mileage_heavy
9,578.0,1167.71,1587.21,default
14,530.0,2028.06,2079.14,big_budget
7,316.0,141.89,837.8,default
2,897.0,2382.39,1437.95,short_luxe
12,121.0,608.92,1033.44,default
4,764.0,1417.94,1682.1,default
11,663.0,2141.08,1715.29,big_budget
3,91.0,1640.15,1338.3,short_luxe
1,1035.0,1289.84,1317.33,short_luxe
7,125.0,193.62,616.24,default
12,437.0,639.96,1183.74,default
4,84.0,2243.12,1392.1,big_budget
5,716.0,1316.6,1686.98,sweetspot
12,18.0,2461.37,1556.78,big_budget
3,560.0,1664.15,1419.48,short_luxe
3,504.0,63.39,568.17,default
5,1126.0,664.9,1336.74,sweetspot
1,1092.0,390.55,589.11,mileage_heavy
11,273.0,502.37,862.61,default
4,6.0,458.7,459.21,balanced
1,620.0,490.45,678.74,default
5,659.0,2083.15,1645.06,sweetspot
12,353.0,2150.17,1765.67,big_budget
13,618.0,1982.27,2000.39,default
2,1158.0,2355.92,1528.91,short_luxe
3,512.0,1251.6,1360.76,short_luxe
5,840.0,941.55,1676.48,sweetspot
7,1086.0,2319.81,1858.36,big_budget
13,1152.0,864.45,1797.14,mileage_heavy
4,840.0,1375.42,1580.95,mileage_heavy
4,724.0,89.99,667.98,default
3,327.0,2141.92,1438.41,short_luxe
13,1055.0,2005.84,1997.52,big_budget
1,931.0,327.97,609.73,mileage_heavy
10,108.0,2181.67,1632.42,big_budget
13,1204.0,24.47,1344.17,mileage_heavy
5,517.0,919.25,1288.31,sweetspot
8,897.0,1536.36,1944.62,mileage_heavy
12,988.0,2492.79,1753.84,big_budget
1,1041.0,1630.25,1466.95,short_luxe
10,454.0,2359.42,1619.0,big_budget
5,406.0,1084.16,1399.39,sweetspot
4,103.0,1790.07,1394.55,default
11,198.0,269.95,695.66,default
4,477.0,18.97,631.5,default
11,67.0,2455.53,1572.91,big_budget
7,789.0,185.73,966.26,default
13,70.0,993.7,1492.02,default
12,59.0,858.62,1377.35,default
3,1027.0,180.0,804.96,mileage_heavy
3,275.0,543.74,572.73,default
12,180.0,384.42,873.97,default
3,334.0,2449.89,1472.53,short_luxe
7,759.0,1694.02,1960.92,default
10,174.0,1991.96,1542.4,default
1,780.0,366.37,516.69,default
9,934.0,415.5,1208.82,mileage_heavy
8,936.0,556.28,1277.26,mileage_heavy
1,1002.0,2320.13,1475.4,short_luxe
7,83.0,137.84,482.65,default
9,191.0,789.52,1058.5,default
3,280.0,1090.37,1256.92,short_luxe
5,644.0,2383.17,1785.53,sweetspot
10,498.0,992.86,1395.03,default
4,317.0,1793.28,1518.93,default
4,1100.0,370.61,860.32,mileage_heavy
4,263.0,2469.06,1503.98,big_budget
4,932.0,1287.34,1513.28,mileage_heavy
14,343.0,2013.4,1839.05,big_budget
2,274.0,888.24,917.79,default
1,759.0,330.29,500.92,default
8,204.0,2178.45,1506.38,big_budget
10,396.0,2068.65,1556.68,big_budget
6,840.0,870.82,1496.46,mileage_heavy
7,756.0,1473.59,1961.96,default
4,1048.0,279.75,780.15,mileage_heavy
9,800.0,39.96,1158.68,mileage_heavy
3,240.0,1895.67,1386.33,short_luxe
13,997.0,920.48,2124.16,mileage_heavy
2,826.0,2163.39,1523.26,short_luxe
6,194.0,914.25,1168.72,balanced
4,333.0,1934.76,1467.52,default
8,1053.0,1864.01,1794.57,mileage_heavy
12,466.0,1291.33,1770.37,default
8,916.0,2417.62,1755.05,big_budget
11,322.0,1251.3,1732.46,default
13,11.0,1114.96,1555.48,default
7,250.0,364.79,718.71,balanced
5,247.0,296.51,594.93,sweetspot
14,1158.0,2104.61,1899.69,big_budget
11,1095.0,1071.83,2159.33,mileage_heavy
11,1149.0,270.81,1284.51,mileage_heavy
9,14.0,1057.38,1372.31,default
4,184.0,983.77,1202.69,balanced
6,135.0,2488.22,1561.2,big_budget
5,717.0,1508.97,1722.49,sweetspot
1,389.0,1964.96,1228.94,short_luxe
3,1136.0,1296.54,1536.6,short_luxe
13,145.0,2202.42,1716.13,big_budget
1,1122.0,861.5,1081.05,mileage_heavy
14,383.0,97.95,1203.93,default
1,309.0,1211.37,1110.55,short_luxe
14,1090.0,2248.68,1905.5,big_budget
3,278.0,994.9,1167.78,default
7,1109.0,2397.29,1917.57,big_budget
12,643.0,2194.16,1758.03,big_budget
11,176.0,1050.67,1444.13,default
7,309.0,1021.75,1309.85,balanced
3,992.0,1897.41,1539.0,short_luxe
3,175.0,440.19,431.17,default
5,895.0,2329.69,1791.96,sweetspot
8,372.0,348.37,950.24,balanced
5,567.0,193.11,718.3,sweetspot
8,978.0,710.43,1624.58,mileage_heavy
1,1082.0,1809.49,446.94,short_luxe
11,636.0,2238.97,1699.94,big_budget
6,370.0,315.09,946.39,balanced
8,413.0,222.83,802.95,default
3,399.0,141.39,546.04,default
